{"cameraMode":{"drawMode":0,"name":"Shaded","section":"Shading Mode"},"sceneLighting":false,"audioPlay":false,"sceneViewState":{"showFog":true,"showMaterialUpdate":false,"showSkybox":false,"showFlares":true,"showImageEffects":true,"showParticleSystems":true,"showVisualEffectGraphs":true,"m_FxEnabled":true},"in2DMode":false,"pivot":{"x":3.5762786865234377e-7,"y":0.7343947887420654,"z":-0.008253931999206543},"rotation":{"x":-0.1300557553768158,"y":0.16633540391921998,"z":-0.022137243300676347,"w":-0.9772191047668457},"size":1.775029182434082,"orthographic":false}