{"cameraMode":{"drawMode":0,"name":"Shaded","section":"Shading Mode"},"sceneLighting":true,"audioPlay":false,"sceneViewState":{"showFog":true,"showMaterialUpdate":false,"showSkybox":true,"showFlares":true,"showImageEffects":true,"showParticleSystems":true,"showVisualEffectGraphs":true,"m_FxEnabled":true},"in2DMode":false,"pivot":{"x":51.01972198486328,"y":-15.20931625366211,"z":34.32597351074219},"rotation":{"x":0.3999636173248291,"y":0.0040472764521837238,"z":-0.0018959849840030075,"w":0.9169584512710571},"size":48.903533935546878,"orthographic":false}