{"cameraMode":{"drawMode":0,"name":"Shaded","section":"Shading Mode"},"sceneLighting":true,"audioPlay":false,"sceneViewState":{"showFog":true,"showMaterialUpdate":false,"showSkybox":true,"showFlares":true,"showImageEffects":true,"showParticleSystems":true,"showVisualEffectGraphs":true,"m_FxEnabled":true},"in2DMode":false,"pivot":{"x":46.34832000732422,"y":24.17140769958496,"z":-42.119327545166019},"rotation":{"x":0.39370930194854739,"y":-0.0035524473059922458,"z":0.0014694163110107184,"w":0.9188939332962036},"size":32.525203704833987,"orthographic":false}