{"cameraMode":{"drawMode":0,"name":"Shaded","section":"Shading Mode"},"sceneLighting":true,"audioPlay":false,"sceneViewState":{"showFog":true,"showMaterialUpdate":false,"showSkybox":true,"showFlares":true,"showImageEffects":true,"showParticleSystems":true,"showVisualEffectGraphs":true,"m_FxEnabled":true},"in2DMode":false,"pivot":{"x":20.976547241210939,"y":1.2550995349884034,"z":31.666671752929689},"rotation":{"x":-0.15310637652873994,"y":0.11451086401939392,"z":-0.01806691475212574,"w":-0.9812796711921692},"size":12.654241561889649,"orthographic":false}